Timestep,immune_population,infected_population,susceptible_population
0.1,0.0210234597325325,0.9888972043991089,999.9900512695312
0.2,0.04181347414851189,0.9779185652732849,999.9808959960938
0.3,0.06237271428108215,0.9670599699020386,999.9705200195312
