Timestep,I,R,S
0.1,13.228653907775879,0.05393034219741821,987.7174682617188
0.2,152.05438232421875,0.7183064222335815,848.227783203125
0.3,701.5635986328125,5.340606212615967,294.0958557128906
