Timestep,immune_population,infected_population,susceptible_population
0.1,0.01858154684305191,0.9911453723907471,999.9901733398438
0.2,0.036998581141233444,0.982369601726532,999.9806518554688
0.3,0.05525253713130951,0.9736716151237488,999.9710693359375
