{"beta": 0.00006862745, "gamma": 0.07143}