Timestep,Infected,Hospitalizations
0.0,1.0,1.9617580129804857e-12
1.0,0.9480640292167664,0.01719011925160885
2.0,1.066840648651123,0.031743988394737244
3.0,1.310190200805664,0.04602520912885666
4.0,1.66862154006958,0.06171417236328125
